Workbook

Sheet Template Audit
A1: Priority Tier | B1: Category | C1: Asset/Template Name | D1: Description | E1: Format | F1: Status | G1: Dependencies | H1: Deadline | I1: Owner | J1: Notes
A2: 1 | B2: Logo System | C2: Primary Logo Files (SVG, PNG, EPS, AI) | D2: Full-color, single-color, reversed, all colorway variations | E2: SVG/PNG/EPS/AI | F2: Not Started | H2: 2026-03-31 | I2: Chris | J2: All formats needed for different applications
A3: 1 | B3: Logo System | C3: Secondary/Alternate Mark | D3: Secondary mark variations for constrained spaces | E3: SVG/PNG/EPS/AI | F3: Not Started | G3: Primary Logo Files | H3: 2026-03-31 | I3: Chris
A4: 1 | B4: Logo System | C4: Sub-Brand Lockup Templates | D4: Lockup templates for: Reboot, Energy Summit, Dynamist, FAI Labs, Policy Hackers, Schoolahoop, BIPBounty, Project Nickel | E4: AI/Figma | F4: Not Started | G4: Primary Logo Files | H4: 2026-05-31 | I4: Chris | J4: 8 sub-brand lockups needed
A5: 1 | B5: Logo System | C5: Logo Usage Guide Page | D5: Page for brand book showing logo specifications, clearspace, sizing, dos/donts | E5: PDF/InDesign | F5: Not Started | G5: Primary Logo Files | H5: 2026-04-30 | I5: Chris
A6: 1 | B6: Logo System | C6: Favicon & App Icon Set | D6: 16x16, 32x32, 64x64, 128x128, 180x180 (iOS), 192x192 (Android) | E6: PNG/ICO | F6: Not Started | G6: Primary Logo Files | H6: 2026-05-31 | I6: Chris
A7: 1 | B7: Logo System | C7: Watermark Versions | D7: Semi-transparent logo for background/document watermarking | E7: PNG/PDF | F7: Not Started | G7: Primary Logo Files | H7: 2026-05-31 | I7: Chris
A8: 1 | B8: Color System | C8: Color Specification Sheet | D8: HEX, RGB, CMYK, Pantone values for primary and secondary palettes | E8: XLSX/PDF | F8: Not Started | H8: 2026-03-31 | I8: Chris | J8: Include accessibility notes
A9: 1 | B9: Color System | C9: Color Palette Files (ASE, CLR) | D9: Adobe Swatch Exchange and macOS/Windows color palette files | E9: ASE/CLR | F9: Not Started | G9: Color Specification Sheet | H9: 2026-04-15 | I9: Chris
A10: 1 | B10: Color System | C10: Accessibility Contrast Ratio Documentation | D10: WCAG AA/AAA compliance chart for all color combinations | E10: PDF/XLSX | F10: Not Started | G10: Color Specification Sheet | H10: 2026-04-30 | I10: Chris
A11: 1 | B11: Color System | C11: Sub-Brand Color Extensions | D11: Color palettes for each sub-brand within system | E11: ASE/CLR/PDF | F11: Not Started | G11: Color Specification Sheet | H11: 2026-05-31 | I11: Chris
A12: 1 | B12: Typography | C12: Typeface License Documentation | D12: Licensed typeface details, usage restrictions, web font rights | E12: PDF | F12: Not Started | H12: 2026-03-15 | I12: Chris
A13: 1 | B13: Typography | C13: Type Specimen Sheet | D13: Full alphabet, numerals, punctuation in all weights/styles | E13: PDF/InDesign | F13: Not Started | G13: Typeface License Documentation | H13: 2026-03-31 | I13: Chris
A14: 1 | B14: Typography | C14: Web Font Files | D14: WOFF2 and fallback formats for web implementation | E14: WOFF2/WOFF/TTF | F14: Not Started | G14: Typeface License Documentation | H14: 2026-04-15 | I14: Chris
A15: 1 | B15: Typography | C15: Typography Hierarchy Reference Card | D15: Headline, subheading, body, caption specs with line-height and letter-spacing | E15: PDF/XLSX | F15: Not Started | G15: Type Specimen Sheet | H15: 2026-03-31 | I15: Chris
A16: 1 | B16: Voice & Tone | C16: Brand Voice Guidelines | D16: Voice characteristics, tone variations (professional, approachable, authoritative, etc.) | E16: PDF/DOCX | F16: Not Started | H16: 2026-04-30 | I16: Chris
A17: 1 | B17: Voice & Tone | C17: Boilerplate Copy Library | D17: About paragraphs (50, 100, 150 words), mission statement, program descriptions | E17: DOCX/PDF | F17: Not Started | G17: Brand Voice Guidelines | H17: 2026-04-30 | I17: Chris | J17: Include variations for each sub-brand
A18: 1 | B18: Voice & Tone | C18: Terminology Glossary | D18: FAI-specific terms, acronyms, preferred usage (e.g., AI, policy, tech) | E18: XLSX/PDF | F18: Not Started | G18: Brand Voice Guidelines | H18: 2026-04-30 | I18: Chris
A19: 1 | B19: Voice & Tone | C19: Email Signature Standard | D19: HTML and plain-text signature templates with logo, contact info | E19: HTML/DOCX | F19: Not Started | G19: Typography;Logo System | H19: 2026-04-15 | I19: Chris
A20: 2 | B20: Publications | C20: Web-Native Policy Paper Template | D20: HTML/CSS responsive template for publishing policy papers on website | E20: HTML/CSS | F20: Not Started | G20: Typography;Color System | H20: 2026-03-31 | I20: Chris | J20: High priority - March 31 deadline
A21: 2 | B21: Publications | C21: Print Policy Brief Template | D21: 2-4 page InDesign template for policy briefs | E21: INDD/PDF | F21: Not Started | G21: Typography;Color System;Logo System | H21: 2026-04-30 | I21: Chris
A22: 2 | B22: Publications | C22: Print Research Report Template | D22: Multi-page InDesign template (8-20 pages typical) | E22: INDD/PDF | F22: Not Started | G22: Typography;Color System;Logo System | H22: 2026-05-31 | I22: Chris
A23: 2 | B23: Publications | C23: Print Booklet/Program Template | D23: InDesign template for event programs and booklets (Copyright Symposium, summits) | E23: INDD/PDF | F23: Existing/Needs Update | G23: Typography;Logo System | H23: 2026-02-27 | I23: Chris | J23: URGENT: Copyright Symposium Feb 27
A24: 2 | B24: Publications | C24: Blog Post Style Guide | D24: Formatting, structure, and design specs for Sanity CMS blog posts | E24: PDF/DOCX | F24: Not Started | G24: Typography;Color System | H24: 2026-05-31 | I24: Chris
A25: 2 | B25: Publications | C25: Book/Publication Cover Template | D25: InDesign template for external and internal publications | E25: INDD/PDF | F25: Not Started | G25: Typography;Color System;Logo System | H25: 2026-06-15 | I25: Chris
A26: 2 | B26: Presentations | C26: Master FAI Deck Template | D26: PPTX and Keynote master slide templates with layouts | E26: PPTX/KEYNOTE | F26: Existing/Needs Update | G26: Typography;Color System;Logo System | H26: 2026-02-27 | I26: Chris | J26: URGENT: Update FAI deck Feb 27
A27: 2 | B27: Presentations | C27: Internal Meeting Deck Template | D27: Simplified template for internal team presentations | E27: PPTX/KEYNOTE | F27: Not Started | G27: Master FAI Deck Template | H27: 2026-04-30 | I27: Chris
A28: 2 | B28: Presentations | C28: Webinar/Virtual Event Slide Template | D28: Template optimized for screen sharing and virtual delivery | E28: PPTX/KEYNOTE | F28: Not Started | G28: Master FAI Deck Template | H28: 2026-05-31 | I28: Chris
A29: 2 | B29: Presentations | C29: Speaker One-Sheet/Bio Template | D29: Half-page or one-page template for speaker bios with photo placement | E29: DOCX/PDF | F29: Not Started | G29: Typography;Logo System | H29: 2026-04-15 | I29: Chris
A30: 2 | B30: Social Media | C30: X/Twitter Post Templates | D30: Quote card, announcement, event promo, stat/data templates (Figma or PPTX) | E30: FIGMA/PPTX | F30: Not Started | G30: Color System;Typography;Logo System | H30: 2026-05-31 | I30: Chris | J30: 4 template variations
A31: 2 | B31: Social Media | C31: LinkedIn Post Templates | D31: Article share, announcement, event templates (image specs) | E31: FIGMA/PPTX | F31: Not Started | G31: Color System;Typography;Logo System | H31: 2026-05-31 | I31: Chris
A32: 2 | B32: Social Media | C32: YouTube Thumbnail Template | D32: 1280x720px template with text, logo, graphics specs | E32: FIGMA/PPTX | F32: Not Started | G32: Color System;Typography;Logo System | H32: 2026-05-31 | I32: Chris
A33: 2 | B33: Social Media | C33: YouTube Channel Art | D33: 2560x1440px banner for channel header | E33: FIGMA/PPTX | F33: Not Started | G33: Logo System;Color System | H33: 2026-05-31 | I33: Chris
A34: 2 | B34: Social Media | C34: Instagram Templates | D34: 1080x1350 (feed), 1080x1920 (story), carousel specs if applicable | E34: FIGMA/PPTX | F34: Not Started | G34: Color System;Typography;Logo System | H34: 2026-05-31 | I34: Chris
A35: 2 | B35: Social Media | C35: Social Media Avatar & Profile Photo Specs | D35: Size, format, and brand guidelines for profile pictures | E35: PDF/FIGMA | F35: Not Started | G35: Logo System | H35: 2026-04-15 | I35: Chris
A36: 2 | B36: Social Media | C36: Podcast Cover Art Template (The Dynamist) | D36: 3000x3000px Apple Podcasts and Spotify compliant template | E36: FIGMA/PPTX | F36: Not Started | G36: Logo System;Color System | H36: 2026-05-31 | I36: Chris | J36: The Dynamist sub-brand
A37: 2 | B37: Email / Newsletter | C37: The SCIF Newsletter Template | D37: HTML email template with responsive design (150, 600, 800px widths) | E37: HTML | F37: Not Started | G37: Typography;Color System;Logo System | H37: 2026-04-30 | I37: Chris | J37: SCIF is weekly newsletter
A38: 2 | B38: Email / Newsletter | C38: Event Invitation Email Template | D38: HTML email for event RSVPs with CTA buttons | E38: HTML | F38: Not Started | G38: Typography;Logo System;Color System | H38: 2026-04-30 | I38: Chris
A39: 2 | B39: Email / Newsletter | C39: Fundraising/Donor Email Template | D39: HTML template for donor appeals and campaigns | E39: HTML | F39: Not Started | G39: Typography;Logo System;Color System | H39: 2026-05-31 | I39: Chris
A40: 2 | B40: Email / Newsletter | C40: Internal Announcement Email Template | D40: HTML template for team announcements | E40: HTML | F40: Not Started | G40: Typography;Logo System;Color System | H40: 2026-04-30 | I40: Chris
A41: 2 | B41: Email / Newsletter | C41: Email Signature Template | D41: Branded HTML and plain-text signature for staff | E41: HTML/DOCX | F41: Not Started | G41: Typography;Logo System | H41: 2026-04-15 | I41: Chris
A42: 2 | B42: Events | C42: Event Branding Toolkit | D42: Master template and guide for creating event identities within brand system | E42: PDF/INDD | F42: Not Started | G42: Logo System;Color System;Typography | H42: 2026-05-31 | I42: Chris | J42: Framework for all events
A43: 2 | B43: Events | C43: Event Program/Booklet Template | D43: Multi-page InDesign template for event programs | E43: INDD/PDF | F43: Not Started | G43: Typography;Logo System;Event Branding Toolkit | H43: 2026-04-30 | I43: Chris | J43: Used for summits, symposia
A44: 2 | B44: Events | C44: Event Signage Template Set | D44: Podium sign, banner stand (8'x3'), directional signs, entrance sign | E44: INDD/PDF | F44: Not Started | G44: Typography;Logo System;Color System | H44: 2026-05-31 | I44: Chris | J44: 4-6 templates
A45: 2 | B45: Events | C45: Name Badge Template | D45: Badge template with attachment options (lanyard, pin, clip) | E45: INDD/PDF | F45: Not Started | G45: Typography;Logo System | H45: 2026-04-30 | I45: Chris
A46: 2 | B46: Events | C46: Event Invitation (Digital - Luma) | D46: Luma event page design specifications | E46: PDF/FIGMA | F46: Not Started | G46: Typography;Logo System;Color System | H46: 2026-04-30 | I46: Chris
A47: 2 | B47: Events | C47: Event Invitation (Print) | D47: Postcard or folded card template for print invites | E47: INDD/PDF | F47: Not Started | G47: Typography;Logo System;Color System | H47: 2026-04-30 | I47: Chris
A48: 2 | B48: Events | C48: Step-and-Repeat/Photo Backdrop Template | D48: Branded photo backdrop specifications (8'x8' typical) | E48: INDD/PDF | F48: Not Started | G48: Logo System;Color System | H48: 2026-05-15 | I48: Chris | J48: For press/photography
A49: 2 | B49: Events | C49: Event Slide Template | D49: PowerPoint/Keynote template for in-venue screens and transitions | E49: PPTX/KEYNOTE | F49: Not Started | G49: Master FAI Deck Template | H49: 2026-05-31 | I49: Chris
A50: 2 | B50: Events | C50: Table Tent/Place Card Template | D50: Small standing card for dining, table numbering, sponsor recognition | E50: INDD/PDF | F50: Not Started | G50: Typography;Logo System | H50: 2026-04-30 | I50: Chris
A51: 2 | B51: Stationery | C51: Letterhead Template | D51: 8.5x11" letterhead with header, footer, logo | E51: DOCX/PDF/INDD | F51: Not Started | G51: Logo System;Typography;Color System | H51: 2026-04-30 | I51: Chris
A52: 2 | B52: Stationery | C52: Business Card Template | D52: Standard 3.5x2" with full bleed | E52: INDD/PDF | F52: Not Started | G52: Logo System;Typography | H52: 2026-04-30 | I52: Chris | J52: Print-ready file needed
A53: 2 | B53: Stationery | C53: Envelope Templates | D53: #10 (9.5x4.125") and A7 (5.25x7.25") templates | E53: INDD/PDF | F53: Not Started | G53: Logo System;Typography | H53: 2026-04-30 | I53: Chris
A54: 2 | B54: Stationery | C54: Note Card/Thank You Card Template | D54: Folded 5x7" card for thank you notes | E54: INDD/PDF | F54: Not Started | G54: Logo System;Color System;Typography | H54: 2026-04-30 | I54: Chris
A55: 2 | B55: Stationery | C55: Memo Template | D55: Branded memo pad template (half-page, full-page) | E55: DOCX/PDF | F55: Not Started | G55: Typography;Logo System | H55: 2026-04-30 | I55: Chris
A56: 3 | B56: Sub-Brand Guidelines | C56: Reboot Conference Identity Package | D56: Logo lockup, color palette, typography specs, visual system | E56: PDF/INDD | F56: Not Started | G56: Logo System;Color System;Typography;Sub-Brand Lockup Templates | H56: 2026-07-31 | I56: Chris | J56: Annual tech conference
A57: 3 | B57: Sub-Brand Guidelines | C57: Energy Imperatives Summit Identity Package | D57: Identity, visual system, templates for summit branding | E57: PDF/INDD | F57: Not Started | G57: Logo System;Color System;Typography;Sub-Brand Lockup Templates | H57: 2026-07-31 | I57: Chris | J57: Policy-focused summit
A58: 3 | B58: Sub-Brand Guidelines | C58: The Dynamist Podcast Identity Package | D58: Logo, color palette, cover art, social templates for podcast | E58: PDF/FIGMA | F58: Not Started | G58: Logo System;Color System;Podcast Cover Art Template | H58: 2026-06-30 | I58: Chris | J58: Weekly podcast sub-brand
A59: 3 | B59: Sub-Brand Guidelines | C59: FAI Labs Identity Package | D59: Distinct visual identity for research/innovation lab | E59: PDF/FIGMA | F59: Not Started | G59: Logo System;Color System;Typography;Sub-Brand Lockup Templates | H59: 2026-07-31 | I59: Chris
A60: 3 | B60: Sub-Brand Guidelines | C60: Policy Hackers Identity Package | D60: Identity for fellowship program | E60: PDF/FIGMA | F60: Not Started | G60: Logo System;Color System;Typography;Sub-Brand Lockup Templates | H60: 2026-07-31 | I60: Chris | J60: Fellowship program branding
A61: 3 | B61: Sub-Brand Guidelines | C61: Sub-Brand Identity Creation Template | D61: Template and process guide for creating future program identities | E61: PDF/INDD | F61: Not Started | G61: Logo System;Color System;Typography | H61: 2026-08-31 | I61: Chris | J61: Scalability framework
A62: 3 | B62: Donor/Development Materials | C62: Annual Report Template | D62: Design template for year-end annual report | E62: INDD/PDF | F62: Not Started | G62: Typography;Logo System;Color System | H62: 2026-08-31 | I62: Chris
A63: 3 | B63: Donor/Development Materials | C63: Donor One-Pager Template | D63: One-page template for donor prospect overview | E63: DOCX/PDF | F63: Not Started | G63: Typography;Logo System | H63: 2026-07-31 | I63: Chris
A64: 3 | B64: Donor/Development Materials | C64: Case for Support/Prospectus Template | D64: Multi-page template for funding pitches | E64: INDD/PDF | F64: Not Started | G64: Typography;Logo System;Color System | H64: 2026-08-31 | I64: Chris
A65: 3 | B65: Donor/Development Materials | C65: Grant Proposal Cover Template | D65: Cover page for grant submissions | E65: DOCX/PDF | F65: Not Started | G65: Typography;Logo System | H65: 2026-07-31 | I65: Chris
A66: 3 | B66: Donor/Development Materials | C66: Impact Report Template | D66: Template for showcasing impact metrics and results | E66: INDD/PDF | F66: Not Started | G66: Typography;Logo System;Color System | H66: 2026-08-31 | I66: Chris
A67: 3 | B67: Donor/Development Materials | C67: Thank You/Acknowledgment Letter Template | D67: Branded template for donor thank you letters | E67: DOCX/PDF | F67: Not Started | G67: Typography;Logo System | H67: 2026-06-30 | I67: Chris
A68: 3 | B68: Swag & Merchandise | C68: Sticker Designs | D68: Logo, tagline, and sub-brand stickers (die-cut and print specs) | E68: FIGMA/PPTX/PDF | F68: Not Started | G68: Logo System;Color System | H68: 2026-08-31 | I68: Chris | J68: Multiple designs
A69: 3 | B69: Swag & Merchandise | C69: Apparel Templates | D69: T-shirt, hoodie, and jacket design templates (front, back, sleeve) | E69: FIGMA/PDF | F69: Not Started | G69: Logo System;Color System | H69: 2026-08-31 | I69: Chris
A70: 3 | B70: Swag & Merchandise | C70: Tote Bag Template | D70: Design template for branded tote bags | E70: FIGMA/PDF | F70: Not Started | G70: Logo System;Color System | H70: 2026-08-31 | I70: Chris
A71: 3 | B71: Swag & Merchandise | C71: Lapel Pin/Enamel Pin Design | D71: Design and specs for custom enamel or lapel pins | E71: FIGMA/PDF | F71: Not Started | G71: Logo System | H71: 2026-08-31 | I71: Chris
A72: 3 | B72: Swag & Merchandise | C72: Drinkware Template | D72: Design template for mug, water bottle, coffee cup | E72: FIGMA/PDF | F72: Not Started | G72: Logo System;Color System | H72: 2026-08-31 | I72: Chris
A73: 3 | B73: Swag & Merchandise | C73: Notebook/Padfolio Cover | D73: Design template for branded notebooks and padfolios | E73: INDD/FIGMA/PDF | F73: Not Started | G73: Logo System;Color System;Typography | H73: 2026-08-31 | I73: Chris
A74: 3 | B74: Swag & Merchandise | C74: Pen/Promotional Item Specs | D74: Specifications and design guidelines for promotional items | E74: PDF | F74: Not Started | G74: Logo System | H74: 2026-08-31 | I74: Chris
A75: 3 | B75: Digital/Web | C75: Website Redesign Brief | D75: Strategy brief and design specifications for website refresh | E75: PDF/FIGMA | F75: Not Started | G75: Logo System;Color System;Typography | H75: 2026-07-31 | I75: Chris
A76: 3 | B76: Digital/Web | C76: Web Component Style Guide | D76: Living documentation of buttons, cards, forms, navigation components | E76: HTML/PDF/FIGMA | F76: Not Started | G76: Typography;Color System | H76: 2026-08-31 | I76: Chris
A77: 3 | B77: Digital/Web | C77: Open Graph/Social Sharing Image Template | D77: 1200x630px templates for social media unfurls | E77: FIGMA/PPTX | F77: Not Started | G77: Logo System;Color System;Typography | H77: 2026-07-31 | I77: Chris
A78: 3 | B78: Digital/Web | C78: 404 Page Design | D78: Custom 404 error page design | E78: FIGMA/HTML | F78: Not Started | G78: Logo System;Color System;Typography | H78: 2026-07-31 | I78: Chris
A79: 3 | B79: Digital/Web | C79: Loading/Transition Animations | D79: CSS/animation specs for loading and page transitions | E79: HTML/CSS/PDF | F79: Not Started | G79: Color System | H79: 2026-08-31 | I79: Chris
A80: 3 | B80: Digital/Web | C80: QR Code Branded Template | D80: Specifications for branded/customized QR codes | E80: FIGMA/PDF | F80: Not Started | G80: Logo System;Color System | H80: 2026-07-31 | I80: Chris
... A87: 3 | B87: Governance | C87: New Sub-Brand Proposal Template | D87: Template for proposing new sub-brand or program identity | E87: DOCX/PDF | F87: Not Started | G87: Brand Voice Guidelines | H87: 2026-06-30 | I87: Chris
A88: 3 | B88: Governance | C88: Vendor Brand Usage Agreement | D88: Agreement template for vendor/partner brand usage | E88: DOCX/PDF | F88: Not Started | H88: 2026-07-31 | I88: Chris
A89: 3 | B89: Governance | C89: Brand Audit Checklist (Annual) | D89: Annual checklist for auditing brand consistency | E89: XLSX/PDF | F89: Not Started | H89: 2026-08-31 | I89: Chris
A90: 3 | B90: Governance | C90: Asset Request Form | D90: Form for internal teams to request branded assets | E90: XLSX/PDF | F90: Not Started | H90: 2026-06-30 | I90: Chris

Sheet Summary Dashboard
A1: FAI Brand Refresh - Template Audit Summary
A3: SUMMARY BY TIER
A4: Tier | B4: Total Items | C4: Not Started | D4: In Progress | E4: Existing/Needs Update | F4: Complete
A5: Tier 1 (Foundation) | B5: =COUNTIF('Template Audit'!A:A,1) -> 18 | C5: =COUNTIFS('Template Audit'!A:A,1,'Template Audit'!F:F,"Not Started") -> 18 | D5: =COUNTIFS('Template Audit'!A:A,1,'Template Audit'!F:F,"In Progress") -> 0 | E5: =COUNTIFS('Template Audit'!A:A,1,'Template Audit'!F:F,"Existing/Needs Update") -> 0 | F5: =COUNTIFS('Template Audit'!A:A,1,'Template Audit'!F:F,"Complete") -> 0
A6: Tier 2 (Core Templates) | B6: =COUNTIF('Template Audit'!A:A,2) -> 36 | C6: =COUNTIFS('Template Audit'!A:A,2,'Template Audit'!F:F,"Not Started") -> 34 | D6: =COUNTIFS('Template Audit'!A:A,2,'Template Audit'!F:F,"In Progress") -> 0 | E6: =COUNTIFS('Template Audit'!A:A,2,'Template Audit'!F:F,"Existing/Needs Update") -> 2 | F6: =COUNTIFS('Template Audit'!A:A,2,'Template Audit'!F:F,"Complete") -> 0
A7: Tier 3 (Extended Applications) | B7: =COUNTIF('Template Audit'!A:A,3) -> 35 | C7: =COUNTIFS('Template Audit'!A:A,3,'Template Audit'!F:F,"Not Started") -> 35 | D7: =COUNTIFS('Template Audit'!A:A,3,'Template Audit'!F:F,"In Progress") -> 0 | E7: =COUNTIFS('Template Audit'!A:A,3,'Template Audit'!F:F,"Existing/Needs Update") -> 0 | F7: =COUNTIFS('Template Audit'!A:A,3,'Template Audit'!F:F,"Complete") -> 0
A8: TOTAL | B8: =SUM(B5:B7) -> 89 | C8: =SUM(C5:C7) -> 87 | D8: =SUM(D5:D7) -> 0 | E8: =SUM(E5:E7) -> 2 | F8: =SUM(F5:F7) -> 0
A10: SUMMARY BY CATEGORY
A11: Category | B11: Total Items | C11: Complete | D11: In Progress | E11: Existing/Needs Update | F11: Not Started
A12: Logo System | B12: =COUNTIF('Template Audit'!B:B,"Logo System") -> 6 | C12: =COUNTIFS('Template Audit'!B:B,"Logo System",'Template Audit'!F:F,"Complete") -> 0 | D12: =COUNTIFS('Template Audit'!B:B,"Logo System",'Template Audit'!F:F,"In Progress") -> 0 | E12: =COUNTIFS('Template Audit'!B:B,"Logo System",'Template Audit'!F:F,"Existing/Needs Update") -> 0 | F12: =COUNTIFS('Template Audit'!B:B,"Logo System",'Template Audit'!F:F,"Not Started") -> 6
A13: Color System | B13: =COUNTIF('Template Audit'!B:B,"Color System") -> 4 | C13: =COUNTIFS('Template Audit'!B:B,"Color System",'Template Audit'!F:F,"Complete") -> 0 | D13: =COUNTIFS('Template Audit'!B:B,"Color System",'Template Audit'!F:F,"In Progress") -> 0 | E13: =COUNTIFS('Template Audit'!B:B,"Color System",'Template Audit'!F:F,"Existing/Needs Update") -> 0 | F13: =COUNTIFS('Template Audit'!B:B,"Color System",'Template Audit'!F:F,"Not Started") -> 4
A14: Typography | B14: =COUNTIF('Template Audit'!B:B,"Typography") -> 4 | C14: =COUNTIFS('Template Audit'!B:B,"Typography",'Template Audit'!F:F,"Complete") -> 0 | D14: =COUNTIFS('Template Audit'!B:B,"Typography",'Template Audit'!F:F,"In Progress") -> 0 | E14: =COUNTIFS('Template Audit'!B:B,"Typography",'Template Audit'!F:F,"Existing/Needs Update") -> 0 | F14: =COUNTIFS('Template Audit'!B:B,"Typography",'Template Audit'!F:F,"Not Started") -> 4
A15: Voice & Tone | B15: =COUNTIF('Template Audit'!B:B,"Voice & Tone") -> 4 | C15: =COUNTIFS('Template Audit'!B:B,"Voice & Tone",'Template Audit'!F:F,"Complete") -> 0 | D15: =COUNTIFS('Template Audit'!B:B,"Voice & Tone",'Template Audit'!F:F,"In Progress") -> 0 | E15: =COUNTIFS('Template Audit'!B:B,"Voice & Tone",'Template Audit'!F:F,"Existing/Needs Update") -> 0 | F15: =COUNTIFS('Template Audit'!B:B,"Voice & Tone",'Template Audit'!F:F,"Not Started") -> 4
A16: Publications | B16: =COUNTIF('Template Audit'!B:B,"Publications") -> 6 | C16: =COUNTIFS('Template Audit'!B:B,"Publications",'Template Audit'!F:F,"Complete") -> 0 | D16: =COUNTIFS('Template Audit'!B:B,"Publications",'Template Audit'!F:F,"In Progress") -> 0 | E16: =COUNTIFS('Template Audit'!B:B,"Publications",'Template Audit'!F:F,"Existing/Needs Update") -> 1 | F16: =COUNTIFS('Template Audit'!B:B,"Publications",'Template Audit'!F:F,"Not Started") -> 5
A17: Presentations | B17: =COUNTIF('Template Audit'!B:B,"Presentations") -> 4 | C17: =COUNTIFS('Template Audit'!B:B,"Presentations",'Template Audit'!F:F,"Complete") -> 0 | D17: =COUNTIFS('Template Audit'!B:B,"Presentations",'Template Audit'!F:F,"In Progress") -> 0 | E17: =COUNTIFS('Template Audit'!B:B,"Presentations",'Template Audit'!F:F,"Existing/Needs Update") -> 1 | F17: =COUNTIFS('Template Audit'!B:B,"Presentations",'Template Audit'!F:F,"Not Started") -> 3
A18: Social Media | B18: =COUNTIF('Template Audit'!B:B,"Social Media") -> 7 | C18: =COUNTIFS('Template Audit'!B:B,"Social Media",'Template Audit'!F:F,"Complete") -> 0 | D18: =COUNTIFS('Template Audit'!B:B,"Social Media",'Template Audit'!F:F,"In Progress") -> 0 | E18: =COUNTIFS('Template Audit'!B:B,"Social Media",'Template Audit'!F:F,"Existing/Needs Update") -> 0 | F18: =COUNTIFS('Template Audit'!B:B,"Social Media",'Template Audit'!F:F,"Not Started") -> 7
A19: Email / Newsletter | B19: =COUNTIF('Template Audit'!B:B,"Email / Newsletter") -> 5 | C19: =COUNTIFS('Template Audit'!B:B,"Email / Newsletter",'Template Audit'!F:F,"Complete") -> 0 | D19: =COUNTIFS('Template Audit'!B:B,"Email / Newsletter",'Template Audit'!F:F,"In Progress") -> 0 | E19: =COUNTIFS('Template Audit'!B:B,"Email / Newsletter",'Template Audit'!F:F,"Existing/Needs Update") -> 0 | F19: =COUNTIFS('Template Audit'!B:B,"Email / Newsletter",'Template Audit'!F:F,"Not Started") -> 5
A20: Events | B20: =COUNTIF('Template Audit'!B:B,"Events") -> 9 | C20: =COUNTIFS('Template Audit'!B:B,"Events",'Template Audit'!F:F,"Complete") -> 0 | D20: =COUNTIFS('Template Audit'!B:B,"Events",'Template Audit'!F:F,"In Progress") -> 0 | E20: =COUNTIFS('Template Audit'!B:B,"Events",'Template Audit'!F:F,"Existing/Needs Update") -> 0 | F20: =COUNTIFS('Template Audit'!B:B,"Events",'Template Audit'!F:F,"Not Started") -> 9
A21: Stationery | B21: =COUNTIF('Template Audit'!B:B,"Stationery") -> 5 | C21: =COUNTIFS('Template Audit'!B:B,"Stationery",'Template Audit'!F:F,"Complete") -> 0 | D21: =COUNTIFS('Template Audit'!B:B,"Stationery",'Template Audit'!F:F,"In Progress") -> 0 | E21: =COUNTIFS('Template Audit'!B:B,"Stationery",'Template Audit'!F:F,"Existing/Needs Update") -> 0 | F21: =COUNTIFS('Template Audit'!B:B,"Stationery",'Template Audit'!F:F,"Not Started") -> 5
A22: Sub-Brand Guidelines | B22: =COUNTIF('Template Audit'!B:B,"Sub-Brand Guidelines") -> 6 | C22: =COUNTIFS('Template Audit'!B:B,"Sub-Brand Guidelines",'Template Audit'!F:F,"Complete") -> 0 | D22: =COUNTIFS('Template Audit'!B:B,"Sub-Brand Guidelines",'Template Audit'!F:F,"In Progress") -> 0 | E22: =COUNTIFS('Template Audit'!B:B,"Sub-Brand Guidelines",'Template Audit'!F:F,"Existing/Needs Update") -> 0 | F22: =COUNTIFS('Template Audit'!B:B,"Sub-Brand Guidelines",'Template Audit'!F:F,"Not Started") -> 6
A23: Donor/Development Materials | B23: =COUNTIF('Template Audit'!B:B,"Donor/Development Materials") -> 6 | C23: =COUNTIFS('Template Audit'!B:B,"Donor/Development Materials",'Template Audit'!F:F,"Complete") -> 0 | D23: =COUNTIFS('Template Audit'!B:B,"Donor/Development Materials",'Template Audit'!F:F,"In Progress") -> 0 | E23: =COUNTIFS('Template Audit'!B:B,"Donor/Development Materials",'Template Audit'!F:F,"Existing/Needs Update") -> 0 | F23: =COUNTIFS('Template Audit'!B:B,"Donor/Development Materials",'Template Audit'!F:F,"Not Started") -> 6
A24: Swag & Merchandise | B24: =COUNTIF('Template Audit'!B:B,"Swag & Merchandise") -> 7 | C24: =COUNTIFS('Template Audit'!B:B,"Swag & Merchandise",'Template Audit'!F:F,"Complete") -> 0 | D24: =COUNTIFS('Template Audit'!B:B,"Swag & Merchandise",'Template Audit'!F:F,"In Progress") -> 0 | E24: =COUNTIFS('Template Audit'!B:B,"Swag & Merchandise",'Template Audit'!F:F,"Existing/Needs Update") -> 0 | F24: =COUNTIFS('Template Audit'!B:B,"Swag & Merchandise",'Template Audit'!F:F,"Not Started") -> 7
A25: Digital/Web | B25: =COUNTIF('Template Audit'!B:B,"Digital/Web") -> 6 | C25: =COUNTIFS('Template Audit'!B:B,"Digital/Web",'Template Audit'!F:F,"Complete") -> 0 | D25: =COUNTIFS('Template Audit'!B:B,"Digital/Web",'Template Audit'!F:F,"In Progress") -> 0 | E25: =COUNTIFS('Template Audit'!B:B,"Digital/Web",'Template Audit'!F:F,"Existing/Needs Update") -> 0 | F25: =COUNTIFS('Template Audit'!B:B,"Digital/Web",'Template Audit'!F:F,"Not Started") -> 6
A26: Video/Motion | B26: =COUNTIF('Template Audit'!B:B,"Video/Motion") -> 5 | C26: =COUNTIFS('Template Audit'!B:B,"Video/Motion",'Template Audit'!F:F,"Complete") -> 0 | D26: =COUNTIFS('Template Audit'!B:B,"Video/Motion",'Template Audit'!F:F,"In Progress") -> 0 | E26: =COUNTIFS('Template Audit'!B:B,"Video/Motion",'Template Audit'!F:F,"Existing/Needs Update") -> 0 | F26: =COUNTIFS('Template Audit'!B:B,"Video/Motion",'Template Audit'!F:F,"Not Started") -> 5
A27: Governance | B27: =COUNTIF('Template Audit'!B:B,"Governance") -> 5 | C27: =COUNTIFS('Template Audit'!B:B,"Governance",'Template Audit'!F:F,"Complete") -> 0 | D27: =COUNTIFS('Template Audit'!B:B,"Governance",'Template Audit'!F:F,"In Progress") -> 0 | E27: =COUNTIFS('Template Audit'!B:B,"Governance",'Template Audit'!F:F,"Existing/Needs Update") -> 0 | F27: =COUNTIFS('Template Audit'!B:B,"Governance",'Template Audit'!F:F,"Not Started") -> 5

Sheet Timeline View
A1: Deadline | B1: Tier | C1: Category | D1: Asset Name | E1: Status | F1: Dependencies
A2: 2026-02-27 | B2: 2 | C2: Publications | D2: Print Booklet/Program Template | E2: Existing/Needs Update | F2: Typography;Logo System
A3: 2026-02-27 | B3: 2 | C3: Presentations | D3: Master FAI Deck Template | E3: Existing/Needs Update | F3: Typography;Color System;Logo System
A4: 2026-03-15 | B4: 1 | C4: Typography | D4: Typeface License Documentation | E4: Not Started
A5: 2026-03-31 | B5: 1 | C5: Logo System | D5: Primary Logo Files (SVG, PNG, EPS, AI) | E5: Not Started
A6: 2026-03-31 | B6: 1 | C6: Logo System | D6: Secondary/Alternate Mark | E6: Not Started | F6: Primary Logo Files
A7: 2026-03-31 | B7: 1 | C7: Color System | D7: Color Specification Sheet | E7: Not Started
A8: 2026-03-31 | B8: 1 | C8: Typography | D8: Type Specimen Sheet | E8: Not Started | F8: Typeface License Documentation
A9: 2026-03-31 | B9: 1 | C9: Typography | D9: Typography Hierarchy Reference Card | E9: Not Started | F9: Type Specimen Sheet
A10: 2026-03-31 | B10: 2 | C10: Publications | D10: Web-Native Policy Paper Template | E10: Not Started | F10: Typography;Color System
A11: 2026-04-15 | B11: 1 | C11: Color System | D11: Color Palette Files (ASE, CLR) | E11: Not Started | F11: Color Specification Sheet
A12: 2026-04-15 | B12: 1 | C12: Typography | D12: Web Font Files | E12: Not Started | F12: Typeface License Documentation
A13: 2026-04-15 | B13: 1 | C13: Voice & Tone | D13: Email Signature Standard | E13: Not Started | F13: Typography;Logo System
A14: 2026-04-15 | B14: 2 | C14: Presentations | D14: Speaker One-Sheet/Bio Template | E14: Not Started | F14: Typography;Logo System
A15: 2026-04-15 | B15: 2 | C15: Social Media | D15: Social Media Avatar & Profile Photo Specs | E15: Not Started | F15: Logo System
A16: 2026-04-15 | B16: 2 | C16: Email / Newsletter | D16: Email Signature Template | E16: Not Started | F16: Typography;Logo System
A17: 2026-04-30 | B17: 1 | C17: Logo System | D17: Logo Usage Guide Page | E17: Not Started | F17: Primary Logo Files
A18: 2026-04-30 | B18: 1 | C18: Color System | D18: Accessibility Contrast Ratio Documentation | E18: Not Started | F18: Color Specification Sheet
A19: 2026-04-30 | B19: 1 | C19: Voice & Tone | D19: Brand Voice Guidelines | E19: Not Started
A20: 2026-04-30 | B20: 1 | C20: Voice & Tone | D20: Boilerplate Copy Library | E20: Not Started | F20: Brand Voice Guidelines
A21: 2026-04-30 | B21: 1 | C21: Voice & Tone | D21: Terminology Glossary | E21: Not Started | F21: Brand Voice Guidelines
A22: 2026-04-30 | B22: 2 | C22: Publications | D22: Print Policy Brief Template | E22: Not Started | F22: Typography;Color System;Logo System
A23: 2026-04-30 | B23: 2 | C23: Presentations | D23: Internal Meeting Deck Template | E23: Not Started | F23: Master FAI Deck Template
A24: 2026-04-30 | B24: 2 | C24: Email / Newsletter | D24: The SCIF Newsletter Template | E24: Not Started | F24: Typography;Color System;Logo System
A25: 2026-04-30 | B25: 2 | C25: Email / Newsletter | D25: Event Invitation Email Template | E25: Not Started | F25: Typography;Logo System;Color System
A26: 2026-04-30 | B26: 2 | C26: Email / Newsletter | D26: Internal Announcement Email Template | E26: Not Started | F26: Typography;Logo System;Color System
A27: 2026-04-30 | B27: 2 | C27: Events | D27: Event Program/Booklet Template | E27: Not Started | F27: Typography;Logo System;Event Branding Toolkit
A28: 2026-04-30 | B28: 2 | C28: Events | D28: Name Badge Template | E28: Not Started | F28: Typography;Logo System
A29: 2026-04-30 | B29: 2 | C29: Events | D29: Event Invitation (Digital - Luma) | E29: Not Started | F29: Typography;Logo System;Color System
A30: 2026-04-30 | B30: 2 | C30: Events | D30: Event Invitation (Print) | E30: Not Started | F30: Typography;Logo System;Color System
A31: 2026-04-30 | B31: 2 | C31: Events | D31: Table Tent/Place Card Template | E31: Not Started | F31: Typography;Logo System
... A59: 2026-06-30 | B59: 3 | C59: Governance | D59: New Sub-Brand Proposal Template | E59: Not Started | F59: Brand Voice Guidelines
A60: 2026-06-30 | B60: 3 | C60: Governance | D60: Asset Request Form | E60: Not Started
A61: 2026-07-31 | B61: 3 | C61: Sub-Brand Guidelines | D61: Reboot Conference Identity Package | E61: Not Started | F61: Logo System;Color System;Typography;Sub-Brand Lockup Templates
A62: 2026-07-31 | B62: 3 | C62: Sub-Brand Guidelines | D62: Energy Imperatives Summit Identity Package | E62: Not Started | F62: Logo System;Color System;Typography;Sub-Brand Lockup Templates
A63: 2026-07-31 | B63: 3 | C63: Sub-Brand Guidelines | D63: FAI Labs Identity Package | E63: Not Started | F63: Logo System;Color System;Typography;Sub-Brand Lockup Templates
A64: 2026-07-31 | B64: 3 | C64: Sub-Brand Guidelines | D64: Policy Hackers Identity Package | E64: Not Started | F64: Logo System;Color System;Typography;Sub-Brand Lockup Templates
A65: 2026-07-31 | B65: 3 | C65: Donor/Development Materials | D65: Donor One-Pager Template | E65: Not Started | F65: Typography;Logo System
A66: 2026-07-31 | B66: 3 | C66: Donor/Development Materials | D66: Grant Proposal Cover Template | E66: Not Started | F66: Typography;Logo System
A67: 2026-07-31 | B67: 3 | C67: Digital/Web | D67: Website Redesign Brief | E67: Not Started | F67: Logo System;Color System;Typography
A68: 2026-07-31 | B68: 3 | C68: Digital/Web | D68: Open Graph/Social Sharing Image Template | E68: Not Started | F68: Logo System;Color System;Typography
A69: 2026-07-31 | B69: 3 | C69: Digital/Web | D69: 404 Page Design | E69: Not Started | F69: Logo System;Color System;Typography
A70: 2026-07-31 | B70: 3 | C70: Digital/Web | D70: QR Code Branded Template | E70: Not Started | F70: Logo System;Color System
A71: 2026-07-31 | B71: 3 | C71: Governance | D71: Vendor Brand Usage Agreement | E71: Not Started
A72: 2026-08-31 | B72: 3 | C72: Sub-Brand Guidelines | D72: Sub-Brand Identity Creation Template | E72: Not Started | F72: Logo System;Color System;Typography
A73: 2026-08-31 | B73: 3 | C73: Donor/Development Materials | D73: Annual Report Template | E73: Not Started | F73: Typography;Logo System;Color System
A74: 2026-08-31 | B74: 3 | C74: Donor/Development Materials | D74: Case for Support/Prospectus Template | E74: Not Started | F74: Typography;Logo System;Color System
A75: 2026-08-31 | B75: 3 | C75: Donor/Development Materials | D75: Impact Report Template | E75: Not Started | F75: Typography;Logo System;Color System
A76: 2026-08-31 | B76: 3 | C76: Swag & Merchandise | D76: Sticker Designs | E76: Not Started | F76: Logo System;Color System
A77: 2026-08-31 | B77: 3 | C77: Swag & Merchandise | D77: Apparel Templates | E77: Not Started | F77: Logo System;Color System
A78: 2026-08-31 | B78: 3 | C78: Swag & Merchandise | D78: Tote Bag Template | E78: Not Started | F78: Logo System;Color System
A79: 2026-08-31 | B79: 3 | C79: Swag & Merchandise | D79: Lapel Pin/Enamel Pin Design | E79: Not Started | F79: Logo System
A80: 2026-08-31 | B80: 3 | C80: Swag & Merchandise | D80: Drinkware Template | E80: Not Started | F80: Logo System;Color System
A81: 2026-08-31 | B81: 3 | C81: Swag & Merchandise | D81: Notebook/Padfolio Cover | E81: Not Started | F81: Logo System;Color System;Typography
A82: 2026-08-31 | B82: 3 | C82: Swag & Merchandise | D82: Pen/Promotional Item Specs | E82: Not Started | F82: Logo System
A83: 2026-08-31 | B83: 3 | C83: Digital/Web | D83: Web Component Style Guide | E83: Not Started | F83: Typography;Color System
... A89: 2026-08-31 | B89: 3 | C89: Video/Motion | D89: Podcast Video Template | E89: Not Started | F89: Logo System;Color System;Typography
A90: 2026-08-31 | B90: 3 | C90: Governance | D90: Brand Audit Checklist (Annual) | E90: Not Started
